<?xml version="1.0" encoding="UTF-8"?>
<project-private xmlns="http://www.netbeans.org/ns/project-private/1">
    <editor-bookmarks xmlns="http://www.netbeans.org/ns/editor-bookmarks/2" lastBookmarkId="0"/>
    <open-files xmlns="http://www.netbeans.org/ns/projectui-open-files/2">
        <group>
            <file>file:/C:/Users/ÓSCAR/Desktop/La%20Carpeta/Clase/SEGUNDO/SEGUNDO%20CUATRI/IPC/Practicas/Cajero/src/my/cajeroVista/Estado.java</file>
            <file>file:/C:/Users/ÓSCAR/Desktop/La%20Carpeta/Clase/SEGUNDO/SEGUNDO%20CUATRI/IPC/Practicas/Cajero/src/my/cajeroVista/ControladorC.java</file>
            <file>file:/C:/Users/ÓSCAR/Desktop/La%20Carpeta/Clase/SEGUNDO/SEGUNDO%20CUATRI/IPC/Practicas/Cajero/src/my/cajeroModelo/ModeloC.java</file>
            <file>file:/C:/Users/ÓSCAR/Desktop/La%20Carpeta/Clase/SEGUNDO/SEGUNDO%20CUATRI/IPC/Practicas/Cajero/src/my/cajero/Main.java</file>
            <file>file:/C:/Users/ÓSCAR/Desktop/La%20Carpeta/Clase/SEGUNDO/SEGUNDO%20CUATRI/IPC/Practicas/Cajero/src/my/cajeroVista/VistaC.java</file>
        </group>
    </open-files>
</project-private>
